id,job_name,specialization
1.395,Банковское ПО,"Информационные технологии, интернет, телеком"
1.400,Оптимизация сайта (SEO),"Информационные технологии, интернет, телеком"
1.420,Администратор баз данных,"Информационные технологии, интернет, телеком"
1.474,Стартапы,"Информационные технологии, интернет, телеком"
1.475,Игровое ПО,"Информационные технологии, интернет, телеком"
1.536,CRM системы,"Информационные технологии, интернет, телеком"
1.744,Другое,"Информационные технологии, интернет, телеком"
1.3,"CTO, CIO, Директор по IT","Информационные технологии, интернет, телеком"
1.9,Web инженер,"Информационные технологии, интернет, телеком"
1.10,Web мастер,"Информационные технологии, интернет, телеком"
1.25,Аналитик,"Информационные технологии, интернет, телеком"
1.30,Арт-директор,"Информационные технологии, интернет, телеком"
1.50,Системы управления предприятием (ERP),"Информационные технологии, интернет, телеком"
1.82,Инженер,"Информационные технологии, интернет, телеком"
1.89,Интернет,"Информационные технологии, интернет, телеком"
1.110,Компьютерная безопасность,"Информационные технологии, интернет, телеком"
1.113,"Консалтинг, Аутсорсинг","Информационные технологии, интернет, телеком"
1.116,Контент,"Информационные технологии, интернет, телеком"
1.117,Тестирование,"Информационные технологии, интернет, телеком"
1.137,Маркетинг,"Информационные технологии, интернет, телеком"
1.161,Мультимедиа,"Информационные технологии, интернет, телеком"
1.172,"Начальный уровень, Мало опыта","Информационные технологии, интернет, телеком"
1.203,Передача данных и доступ в интернет,"Информационные технологии, интернет, телеком"
1.211,"Поддержка, Helpdesk","Информационные технологии, интернет, телеком"
1.221,"Программирование, Разработка","Информационные технологии, интернет, телеком"
1.225,Продажи,"Информационные технологии, интернет, телеком"
1.232,Продюсер,"Информационные технологии, интернет, телеком"
1.246,Развитие бизнеса,"Информационные технологии, интернет, телеком"
1.270,Сетевые технологии,"Информационные технологии, интернет, телеком"
1.272,Системная интеграция,"Информационные технологии, интернет, телеком"
1.273,Системный администратор,"Информационные технологии, интернет, телеком"
1.274,Системы автоматизированного проектирования,"Информационные технологии, интернет, телеком"
1.277,"Сотовые, Беспроводные технологии","Информационные технологии, интернет, телеком"
1.295,Телекоммуникации,"Информационные технологии, интернет, телеком"
1.296,Технический писатель,"Информационные технологии, интернет, телеком"
1.327,Управление проектами,"Информационные технологии, интернет, телеком"
1.359,Электронная коммерция,"Информационные технологии, интернет, телеком"
20.396,Эксплуатация,"Строительство, недвижимость"
20.445,ЖКХ,"Строительство, недвижимость"
20.484,Геодезия и картография,"Строительство, недвижимость"
20.490,Рабочие строительных специальностей,"Строительство, недвижимость"
20.525,Землеустройство,"Строительство, недвижимость"
20.526,Оценка,"Строительство, недвижимость"
20.527,"Отопление, вентиляция и кондиционирование","Строительство, недвижимость"
20.528,Водоснабжение и канализация,"Строительство, недвижимость"
20.573,Тендеры,"Строительство, недвижимость"
20.755,Другое,"Строительство, недвижимость"
20.20,Агент,"Строительство, недвижимость"
20.58,"Гостиницы, Магазины","Строительство, недвижимость"
20.63,Дизайн/Оформление,"Строительство, недвижимость"
20.70,Жилье,"Строительство, недвижимость"
20.83,Инженер,"Строительство, недвижимость"
20.186,"Начальный уровень, Мало опыта","Строительство, недвижимость"
20.189,Нежилые помещения,"Строительство, недвижимость"
20.233,"Проектирование, Архитектура","Строительство, недвижимость"
20.287,Строительство,"Строительство, недвижимость"
20.325,Управление проектами,"Строительство, недвижимость"
20.375,Девелопер,"Строительство, недвижимость"
20.387,Прораб,"Строительство, недвижимость"
17.397,"Электротехническое оборудование, Светотехника",Продажи
17.401,Химическая продукция,Продажи
17.405,Сертификация,Продажи
17.417,Строительные материалы,Продажи
17.418,Сельское хозяйство,Продажи
17.440,"Текстиль, Одежда, Обувь",Продажи
17.441,Франчайзинг,Продажи
17.443,Мебель,Продажи
17.446,Системы безопасности,Продажи
17.486,Сантехника,Продажи
17.487,Бытовая техника,Продажи
17.520,Продавец в магазине,Продажи
17.535,Торговые сети,Продажи
17.538,"Продажи по телефону, Телемаркетинг",Продажи
17.572,Тендеры,Продажи
17.580,Клининговые услуги,Продажи
17.623,Финансовые услуги,Продажи
17.625,Решения по автоматизации процессов,Продажи
17.751,Другое,Продажи
17.15,"Автомобили, Запчасти",Продажи
17.24,Алкоголь,Продажи
17.59,"ГСМ, нефть, бензин",Продажи
17.65,Дилерские сети,Продажи
17.66,Дистрибуция,Продажи
17.111,Компьютерная техника,Продажи
17.112,Компьютерные программы,Продажи
17.144,"Медицина, Фармацевтика",Продажи
17.149,Менеджер по работе с клиентами,Продажи
17.152,Металлопрокат,Продажи
17.156,Многоуровневый маркетинг,Продажи
17.183,"Начальный уровень, Мало опыта",Продажи
17.196,Оптовая торговля,Продажи
17.231,Продукты питания,Продажи
17.242,Прямые продажи,Продажи
17.256,Розничная торговля,Продажи
17.269,"Телекоммуникации, Сетевые решения",Продажи
17.279,"Станки, тяжелое оборудование",Продажи
17.301,Товары для бизнеса,Продажи
17.302,"FMCG, Товары народного потребления",Продажи
17.303,Торговля биржевыми товарами,Продажи
17.306,Торговый представитель,Продажи
17.324,Управление продажами,Продажи
17.333,Услуги для бизнеса,Продажи
17.334,Услуги для населения,Продажи
17.350,Цветные металлы,Продажи
17.358,"Электроника, фото, видео",Продажи
13.398,Клинические исследования,"Медицина, фармацевтика"
13.432,Производство,"Медицина, фармацевтика"
13.433,Регистратура,"Медицина, фармацевтика"
13.438,Оптика,"Медицина, фармацевтика"
13.447,Психология,"Медицина, фармацевтика"
13.489,Медицинский представитель,"Медицина, фармацевтика"
13.537,Медицинский советник,"Медицина, фармацевтика"
13.567,"Дефектолог, Логопед","Медицина, фармацевтика"
13.578,Фармацевт,"Медицина, фармацевтика"
13.587,Врач-эксперт,"Медицина, фармацевтика"
13.732,Стоматология,"Медицина, фармацевтика"
13.748,Другое,"Медицина, фармацевтика"
13.49,Ветеринария,"Медицина, фармацевтика"
13.128,Лаборант,"Медицина, фармацевтика"
13.131,Лечащий врач,"Медицина, фармацевтика"
13.138,Маркетинг,"Медицина, фармацевтика"
13.155,Младший и средний медперсонал,"Медицина, фармацевтика"
13.185,"Начальный уровень, Мало опыта","Медицина, фармацевтика"
13.220,Провизор,"Медицина, фармацевтика"
13.227,Продажи,"Медицина, фармацевтика"
13.228,Лекарственные препараты,"Медицина, фармацевтика"
13.229,Медицинское оборудование,"Медицина, фармацевтика"
13.268,Сертификация,"Медицина, фармацевтика"
5.399,"Ипотека, Ипотечное кредитование","Банки, инвестиции, лизинг"
5.424,Паевые фонды,"Банки, инвестиции, лизинг"
5.426,Экономист,"Банки, инвестиции, лизинг"
5.444,Финансовый мониторинг,"Банки, инвестиции, лизинг"
5.450,Кредитование малого и среднего бизнеса,"Банки, инвестиции, лизинг"
5.457,Риски: операционные,"Банки, инвестиции, лизинг"
5.458,Риски: финансовые,"Банки, инвестиции, лизинг"
5.459,Риски: рыночные,"Банки, инвестиции, лизинг"
5.460,Автокредитование,"Банки, инвестиции, лизинг"
5.534,Факторинг,"Банки, инвестиции, лизинг"
5.579,Работа с проблемными заемщиками,"Банки, инвестиции, лизинг"
5.691,Private Banking,"Банки, инвестиции, лизинг"
5.735,Другое,"Банки, инвестиции, лизинг"
5.4,Forex,"Банки, инвестиции, лизинг"
5.23,"Акции, Ценные бумаги","Банки, инвестиции, лизинг"
5.27,Аналитик,"Банки, инвестиции, лизинг"
5.34,"Аудит, Внутренний контроль","Банки, инвестиции, лизинг"
5.41,Бумаги с фиксированной доходностью (fixed Income),"Банки, инвестиции, лизинг"
5.42,Бухгалтер,"Банки, инвестиции, лизинг"
5.45,Валютный контроль,"Банки, инвестиции, лизинг"
5.51,Внутренние операции (Back Office),"Банки, инвестиции, лизинг"
5.61,Денежный рынок (money market),"Банки, инвестиции, лизинг"
5.79,Инвестиционная компания,"Банки, инвестиции, лизинг"
5.101,"Трейдинг, Дилинг","Банки, инвестиции, лизинг"
5.103,"Кассовое обслуживание, инкассация","Банки, инвестиции, лизинг"
5.106,Коммерческий банк,"Банки, инвестиции, лизинг"
5.121,Корпоративное финансирование,"Банки, инвестиции, лизинг"
5.123,"Корреспондентские, Международные отношения","Банки, инвестиции, лизинг"
5.124,Риски: кредитные,"Банки, инвестиции, лизинг"
5.126,Кредиты,"Банки, инвестиции, лизинг"
5.132,Лизинг,"Банки, инвестиции, лизинг"
5.133,Риски: лизинговые,"Банки, инвестиции, лизинг"
5.163,Налоги,"Банки, инвестиции, лизинг"
5.177,"Начальный уровень, Мало опыта","Банки, инвестиции, лизинг"
5.192,"Обменные пункты, Банкоматы","Банки, инвестиции, лизинг"
5.195,ОПЕРУ,"Банки, инвестиции, лизинг"
5.210,Пластиковые карты,"Банки, инвестиции, лизинг"
5.215,Портфельные инвестиции,"Банки, инвестиции, лизинг"
5.219,Привлечение клиентов,"Банки, инвестиции, лизинг"
5.224,Продажа финансовых продуктов,"Банки, инвестиции, лизинг"
5.234,Проектное финансирование,"Банки, инвестиции, лизинг"
5.241,Прямые инвестиции,"Банки, инвестиции, лизинг"
5.250,Расчеты,"Банки, инвестиции, лизинг"
5.257,Розничный бизнес,"Банки, инвестиции, лизинг"
5.262,Руководство бухгалтерией,"Банки, инвестиции, лизинг"
5.304,Торговое финансирование,"Банки, инвестиции, лизинг"
5.341,Филиалы,"Банки, инвестиции, лизинг"
5.365,"Оценка залога, Стоимости имущества","Банки, инвестиции, лизинг"
5.366,Риски: прочие,"Банки, инвестиции, лизинг"
5.367,"Методология, Банковские технологии","Банки, инвестиции, лизинг"
5.368,"Разработка новых продуктов, Маркетинг","Банки, инвестиции, лизинг"
5.369,Отчетность,"Банки, инвестиции, лизинг"
5.370,"Казначейство, Управление ликвидностью","Банки, инвестиции, лизинг"
5.371,Кредиты: розничные,"Банки, инвестиции, лизинг"
5.372,Бюджетирование,"Банки, инвестиции, лизинг"
5.394,Эмиссии,"Банки, инвестиции, лизинг"
21.402,Гражданская авиация,"Транспорт, логистика"
21.403,Бизнес-авиация,"Транспорт, логистика"
21.480,Контейнерные перевозки,"Транспорт, логистика"
21.481,Диспетчер,"Транспорт, логистика"
21.482,Водитель,"Транспорт, логистика"
21.506,Экспедитор,"Транспорт, логистика"
21.563,Кладовщик,"Транспорт, логистика"
21.564,Рабочий склада,"Транспорт, логистика"
21.756,Другое,"Транспорт, логистика"
21.763,Общественный транспорт,"Транспорт, логистика"
21.12,Авиаперевозки,"Транспорт, логистика"
21.17,Автоперевозки,"Транспорт, логистика"
21.53,ВЭД,"Транспорт, логистика"
21.69,Железнодорожные перевозки,"Транспорт, логистика"
21.74,"Закупки, Снабжение","Транспорт, логистика"
21.136,Логистика,"Транспорт, логистика"
21.158,Морские/Речные перевозки,"Транспорт, логистика"
21.176,"Начальный уровень, Мало опыта","Транспорт, логистика"
21.275,Складское хозяйство,"Транспорт, логистика"
21.292,Таможенное оформление,"Транспорт, логистика"
21.310,Трубопроводы,"Транспорт, логистика"
18.404,Сертификация,"Производство, сельское хозяйство"
18.431,Главный механик,"Производство, сельское хозяйство"
18.451,Управление проектами,"Производство, сельское хозяйство"
18.453,Ювелирная промышленность,"Производство, сельское хозяйство"
18.488,Метролог,"Производство, сельское хозяйство"
18.568,Конструктор,"Производство, сельское хозяйство"
18.585,Атомная энергетика,"Производство, сельское хозяйство"
18.752,Другое,"Производство, сельское хозяйство"
18.13,Авиационная промышленность,"Производство, сельское хозяйство"
18.16,Автомобильная промышленность,"Производство, сельское хозяйство"
18.56,Главный агроном,"Производство, сельское хозяйство"
18.57,Главный инженер,"Производство, сельское хозяйство"
18.73,Закупки и снабжение,"Производство, сельское хозяйство"
18.75,Зоотехник,"Производство, сельское хозяйство"
18.81,Инженер,"Производство, сельское хозяйство"
18.84,"Инженер, Мясо- и птицепереработка","Производство, сельское хозяйство"
18.85,"Инженер, Производство и переработка зерновых","Производство, сельское хозяйство"
18.86,"Инженер, Производство сахара","Производство, сельское хозяйство"
18.118,Контроль качества,"Производство, сельское хозяйство"
18.129,Легкая промышленность,"Производство, сельское хозяйство"
18.130,"Деревообработка, Лесная промышленность","Производство, сельское хозяйство"
18.142,Машиностроение,"Производство, сельское хозяйство"
18.143,Мебельное производство,"Производство, сельское хозяйство"
18.153,Металлургия,"Производство, сельское хозяйство"
18.174,"Начальный уровень, Мало опыта","Производство, сельское хозяйство"
18.190,Нефтепереработка,"Производство, сельское хозяйство"
18.201,Охрана труда,"Производство, сельское хозяйство"
18.208,Пищевая промышленность,"Производство, сельское хозяйство"
18.212,Полиграфия,"Производство, сельское хозяйство"
18.245,Радиоэлектронная промышленность,"Производство, сельское хозяйство"
18.263,Руководство предприятием,"Производство, сельское хозяйство"
18.265,Сельхозпроизводство,"Производство, сельское хозяйство"
18.290,Стройматериалы,"Производство, сельское хозяйство"
18.291,Табачная промышленность,"Производство, сельское хозяйство"
18.297,Технолог,"Производство, сельское хозяйство"
18.298,"Технолог, Мясо- и птицепереработка","Производство, сельское хозяйство"
18.299,"Технолог, Производство и переработка зерновых","Производство, сельское хозяйство"
18.300,"Технолог, Производство сахара","Производство, сельское хозяйство"
18.330,Управление цехом,"Производство, сельское хозяйство"
18.339,Фармацевтическая промышленность,"Производство, сельское хозяйство"
18.348,Химическая промышленность,"Производство, сельское хозяйство"
18.354,Эколог,"Производство, сельское хозяйство"
18.360,Электроэнергетика,"Производство, сельское хозяйство"
18.361,Энергетик производства,"Производство, сельское хозяйство"
18.373,Судостроение,"Производство, сельское хозяйство"
26.406,Сертификация,Закупки
26.407,"Автомобили, Запчасти",Закупки
26.408,Алкоголь,Закупки
26.409,"ГСМ, нефть, бензин",Закупки
26.410,Компьютерная техника,Закупки
26.411,Фармацевтика,Закупки
26.412,Продукты питания,Закупки
26.413,Товары для бизнеса,Закупки
26.414,"Электроника, фото, видео",Закупки
26.415,Химическая продукция,Закупки
26.416,"FMCG, Товары народного потребления",Закупки
26.419,"Начальный уровень, Мало опыта",Закупки
26.427,Металлопрокат,Закупки
26.437,Управление закупками,Закупки
26.439,Строительные материалы,Закупки
26.449,Электротехническое оборудование/светотехника,Закупки
26.473,"Станки, Тяжелое оборудование",Закупки
26.574,Тендеры,Закупки
26.742,Другое,Закупки
19.421,Актуарий,Страхование
19.430,Урегулирование убытков,Страхование
19.483,Перестрахование,Страхование
19.586,Врач-эксперт,Страхование
19.754,Другое,Страхование
19.18,Автострахование,Страхование
19.19,Агент,Страхование
19.28,Андеррайтер,Страхование
19.108,Комплексное страхование физических лиц,Страхование
19.109,Комплексное страхование юридических лиц,Страхование
19.147,Медицинское страхование,Страхование
19.170,"Начальный уровень, Мало опыта",Страхование
19.259,Руководитель направления,Страхование
19.282,Страхование бизнеса,Страхование
19.283,Страхование жизни,Страхование
19.284,Страхование недвижимости,Страхование
19.285,Страхование ответственности,Страхование
19.357,Эксперт-оценщик,Страхование
23.422,Авторское право,Юристы
23.442,Международное право,Юристы
23.476,Земельное право,Юристы
23.477,Договорное право,Юристы
23.478,Регистрация юридических лиц,Юристы
23.479,"Взыскание задолженности, Коллекторская деятельность",Юристы
23.539,Антимонопольное право,Юристы
23.759,Другое,Юристы
23.2,Compliance,Юристы
23.21,Адвокат,Юристы
23.29,Арбитраж,Юристы
23.36,Банковское право,Юристы
23.72,Законотворчество,Юристы
23.88,Интеллектуальная собственность,Юристы
23.120,Корпоративное право,Юристы
23.159,Морское право,Юристы
23.165,Налоговое право,Юристы
23.182,"Начальный уровень, Мало опыта",Юристы
23.187,Недвижимость,Юристы
23.188,Недропользование,Юристы
23.214,Помощник,Юристы
23.266,Семейное право,Юристы
23.276,Слияния и поглощения,Юристы
23.286,Страховое право,Юристы
23.311,Трудовое право,Юристы
23.314,Уголовное право,Юристы
23.352,"Ценные бумаги, Рынки капитала",Юристы
23.362,Юрисконсульт,Юристы
3.423,Ассистент,"Маркетинг, реклама, PR"
3.507,Тайный покупатель,"Маркетинг, реклама, PR"
3.508,"Проведение опросов, Интервьюер","Маркетинг, реклама, PR"
3.509,Промоутер,"Маркетинг, реклама, PR"
3.747,Другое,"Маркетинг, реклама, PR"
3.1,Below The Line (BTL),"Маркетинг, реклама, PR"
3.8,"PR, Маркетинговые коммуникации","Маркетинг, реклама, PR"
3.26,Аналитик,"Маркетинг, реклама, PR"
3.31,Арт директор,"Маркетинг, реклама, PR"
3.40,Бренд-менеджмент,"Маркетинг, реклама, PR"
3.48,Верстальщик,"Маркетинг, реклама, PR"
3.64,Дизайнер,"Маркетинг, реклама, PR"
3.90,Интернет-маркетинг,"Маркетинг, реклама, PR"
3.98,Исследования рынка,"Маркетинг, реклама, PR"
3.114,Консультант,"Маркетинг, реклама, PR"
3.119,Копирайтер,"Маркетинг, реклама, PR"
3.148,Менеджер по работе с клиентами,"Маркетинг, реклама, PR"
3.150,Менеджмент продукта (Product manager),"Маркетинг, реклама, PR"
3.151,Мерчендайзинг,"Маркетинг, реклама, PR"
3.166,Наружная реклама,"Маркетинг, реклама, PR"
3.171,"Начальный уровень, Мало опыта","Маркетинг, реклама, PR"
3.206,Печатная реклама,"Маркетинг, реклама, PR"
3.209,"Планирование, Размещение рекламы","Маркетинг, реклама, PR"
3.213,Политический PR,"Маркетинг, реклама, PR"
3.230,"Продвижение, Специальные мероприятия","Маркетинг, реклама, PR"
3.236,Производство рекламы,"Маркетинг, реклама, PR"
3.244,Радио реклама,"Маркетинг, реклама, PR"
3.253,Рекламный агент,"Маркетинг, реклама, PR"
3.294,Телевизионная реклама,"Маркетинг, реклама, PR"
3.305,Торговый маркетинг(Trade marketing),"Маркетинг, реклама, PR"
3.318,Управление маркетингом,"Маркетинг, реклама, PR"
3.328,Управление проектами,"Маркетинг, реклама, PR"
2.425,Экономист,"Бухгалтерия, управленческий учет, финансы предприятия"
2.434,Планово-экономическое управление,"Бухгалтерия, управленческий учет, финансы предприятия"
2.454,"МСФО, IFRS","Бухгалтерия, управленческий учет, финансы предприятия"
2.463,Бухгалтер-калькулятор,"Бухгалтерия, управленческий учет, финансы предприятия"
2.464,Основные средства,"Бухгалтерия, управленческий учет, финансы предприятия"
2.465,GAAP,"Бухгалтерия, управленческий учет, финансы предприятия"
2.467,ACCA,"Бухгалтерия, управленческий учет, финансы предприятия"
2.468,ТМЦ,"Бухгалтерия, управленческий учет, финансы предприятия"
2.469,Первичная документация,"Бухгалтерия, управленческий учет, финансы предприятия"
2.523,CIPA,"Бухгалтерия, управленческий учет, финансы предприятия"
2.737,Другое,"Бухгалтерия, управленческий учет, финансы предприятия"
2.33,Аудит,"Бухгалтерия, управленческий учет, финансы предприятия"
2.43,Бухгалтер,"Бухгалтерия, управленческий учет, финансы предприятия"
2.44,Бюджетирование и планирование,"Бухгалтерия, управленческий учет, финансы предприятия"
2.46,Валютный контроль,"Бухгалтерия, управленческий учет, финансы предприятия"
2.100,Казначейство,"Бухгалтерия, управленческий учет, финансы предприятия"
2.102,"Кассир, Инкассатор","Бухгалтерия, управленческий учет, финансы предприятия"
2.125,Кредитный контроль,"Бухгалтерия, управленческий учет, финансы предприятия"
2.164,Налоги,"Бухгалтерия, управленческий учет, финансы предприятия"
2.179,"Начальный уровень, Мало опыта","Бухгалтерия, управленческий учет, финансы предприятия"
2.200,Оффшоры,"Бухгалтерия, управленческий учет, финансы предприятия"
2.249,Расчет себестоимости,"Бухгалтерия, управленческий учет, финансы предприятия"
2.261,Руководство бухгалтерией,"Бухгалтерия, управленческий учет, финансы предприятия"
2.335,Учет заработной платы,"Бухгалтерия, управленческий учет, финансы предприятия"
2.337,Учет счетов и платежей,"Бухгалтерия, управленческий учет, финансы предприятия"
2.342,Финансовый анализ,"Бухгалтерия, управленческий учет, финансы предприятия"
2.343,Финансовый контроль,"Бухгалтерия, управленческий учет, финансы предприятия"
2.344,Финансовый менеджмент,"Бухгалтерия, управленческий учет, финансы предприятия"
2.351,Ценные бумаги,"Бухгалтерия, управленческий учет, финансы предприятия"
4.428,Последовательный перевод,Административный персонал
4.429,Делопроизводство,Административный персонал
4.456,Вечерний секретарь,Административный персонал
4.494,Уборщица/уборщик,Административный персонал
4.734,Другое,Административный персонал
4.32,Архивист,Административный персонал
4.47,Ввод данных,Административный персонал
4.52,Водитель,Административный персонал
4.127,Курьер,Административный персонал
4.181,"Начальный уровень, Мало опыта",Административный персонал
4.205,Персональный ассистент,Административный персонал
4.207,Письменный перевод,Административный персонал
4.255,Ресепшен,Административный персонал
4.264,Секретарь,Административный персонал
4.271,Синхронный перевод,Административный персонал
4.278,Сотрудник call-центра,Административный персонал
4.332,Управляющий офисом (Оffice manager),Административный персонал
4.338,Учет товарооборота,Административный персонал
4.374,АХО,Административный персонал
16.435,НИИ,"Государственная служба, некоммерческие организации"
16.569,Архивариус,"Государственная служба, некоммерческие организации"
16.570,Атташе,"Государственная служба, некоммерческие организации"
16.571,Библиотекарь,"Государственная служба, некоммерческие организации"
16.658,Муниципалитет,"Государственная служба, некоммерческие организации"
16.739,Другое,"Государственная служба, некоммерческие организации"
16.760,Военнослужащий,"Государственная служба, некоммерческие организации"
16.761,Сотрудник полиции/ГИБДД,"Государственная служба, некоммерческие организации"
16.38,Благотворительность,"Государственная служба, некоммерческие организации"
16.194,Общественные организации,"Государственная служба, некоммерческие организации"
16.216,Правительство,"Государственная служба, некоммерческие организации"
11.436,Кино,"Искусство, развлечения, масс-медиа"
11.745,"Корректор, ретушер","Искусство, развлечения, масс-медиа"
11.62,"Дизайн, графика, живопись","Искусство, развлечения, масс-медиа"
11.71,Журналистика,"Искусство, развлечения, масс-медиа"
11.76,Издательская деятельность,"Искусство, развлечения, масс-медиа"
11.99,Казино и игорный бизнес,"Искусство, развлечения, масс-медиа"
11.134,"Литературная, Редакторская деятельность","Искусство, развлечения, масс-медиа"
11.157,Мода,"Искусство, развлечения, масс-медиа"
11.160,Музыка,"Искусство, развлечения, масс-медиа"
11.173,"Начальный уровень, Мало опыта","Искусство, развлечения, масс-медиа"
11.218,Пресса,"Искусство, развлечения, масс-медиа"
11.240,Другое,"Искусство, развлечения, масс-медиа"
11.243,Радио,"Искусство, развлечения, масс-медиа"
11.293,Телевидение,"Искусство, развлечения, масс-медиа"
11.347,Фотография,"Искусство, развлечения, масс-медиа"
9.448,Юриспруденция,Высший менеджмент
9.452,Страхование,Высший менеджмент
9.521,"Спортивные клубы, Фитнес, Салоны красоты",Высший менеджмент
9.532,Управление закупками,Высший менеджмент
9.562,Антикризисное управление,Высший менеджмент
9.738,Другое,Высший менеджмент
9.22,Администрирование,Высший менеджмент
9.67,Добыча cырья,Высший менеджмент
9.78,Инвестиции,Высший менеджмент
9.94,"Информационные технологии, Интернет, Мультимедиа",Высший менеджмент
9.95,"Искусство, Развлечения, Масс-медиа",Высший менеджмент
9.105,Коммерческий Банк,Высший менеджмент
9.115,Консультирование,Высший менеджмент
9.139,"Маркетинг, Реклама, PR",Высший менеджмент
9.145,"Медицина, Фармацевтика",Высший менеджмент
9.168,"Наука, Образование",Высший менеджмент
9.226,Продажи,Высший менеджмент
9.238,"Производство, Технология",Высший менеджмент
9.289,"Строительство, Недвижимость",Высший менеджмент
9.307,"Транспорт, Логистика",Высший менеджмент
9.312,"Туризм, Гостиницы, Рестораны",Высший менеджмент
9.317,Управление малым бизнесом,Высший менеджмент
9.321,"Управление персоналом, Тренинги",Высший менеджмент
9.345,Финансы,Высший менеджмент
7.455,"Шины, Диски",Автомобильный бизнес
7.502,Тонировщик,Автомобильный бизнес
7.503,Автослесарь,Автомобильный бизнес
7.565,Автожестянщик,Автомобильный бизнес
7.566,Автомойщик,Автомобильный бизнес
7.733,Другое,Автомобильный бизнес
7.14,Автозапчасти,Автомобильный бизнес
7.222,Продажа,Автомобильный бизнес
7.235,Производство,Автомобильный бизнес
7.239,"Прокат, лизинг",Автомобильный бизнес
7.267,Сервисное обслуживание,Автомобильный бизнес
7.392,"Начальный уровень, Мало опыта",Автомобильный бизнес
8.461,Системы видеонаблюдения,Безопасность
8.462,"Взыскание задолженности, Коллекторская деятельность",Безопасность
8.519,Инкассатор,Безопасность
8.575,Пожарная безопасность,Безопасность
8.736,Другое,Безопасность
8.77,Имущественная безопасность,Безопасность
8.135,Личная безопасность,Безопасность
8.202,Охранник,Безопасность
8.260,Руководитель СБ,Безопасность
8.356,Экономическая и информационная безопасность,Безопасность
10.470,Бурение,Добыча сырья
10.471,Маркшейдер,Добыча сырья
10.472,Газ,Добыча сырья
10.740,Другое,Добыча сырья
10.54,Геологоразведка,Добыча сырья
10.80,Инженер,Добыча сырья
10.191,Нефть,Добыча сырья
10.258,Руда,Добыча сырья
10.315,Уголь,Добыча сырья
10.323,Управление предприятием,Добыча сырья
10.393,"Начальный уровень, Мало опыта",Добыча сырья
22.491,Повар,"Туризм, гостиницы, рестораны"
22.504,Хостес,"Туризм, гостиницы, рестораны"
22.505,Швейцар,"Туризм, гостиницы, рестораны"
22.518,Сомелье,"Туризм, гостиницы, рестораны"
22.529,Анимация,"Туризм, гостиницы, рестораны"
22.530,Оформление виз,"Туризм, гостиницы, рестораны"
22.531,Управление туристическим бизнесом,"Туризм, гостиницы, рестораны"
22.757,Другое,"Туризм, гостиницы, рестораны"
22.11,Авиабилеты,"Туризм, гостиницы, рестораны"
22.35,Банкеты,"Туризм, гостиницы, рестораны"
22.39,Бронирование,"Туризм, гостиницы, рестораны"
22.55,"Гид, Экскурсовод","Туризм, гостиницы, рестораны"
22.104,Кейтеринг,"Туризм, гостиницы, рестораны"
22.175,"Начальный уровень, Мало опыта","Туризм, гостиницы, рестораны"
22.193,"Официант, Бармен","Туризм, гостиницы, рестораны"
22.198,"Организация встреч, Конференций","Туризм, гостиницы, рестораны"
22.199,Организация туристических продуктов,"Туризм, гостиницы, рестораны"
22.204,Персонал кухни,"Туризм, гостиницы, рестораны"
22.223,Продажа туристических услуг,"Туризм, гостиницы, рестораны"
22.248,"Размещение, Обслуживание гостей","Туризм, гостиницы, рестораны"
22.316,Управление гостиницами,"Туризм, гостиницы, рестораны"
22.329,"Управление ресторанами, Барами","Туризм, гостиницы, рестораны"
22.353,Шеф-повар,"Туризм, гостиницы, рестораны"
24.492,Массажист,"Спортивные клубы, фитнес, салоны красоты"
24.493,Парикмахер,"Спортивные клубы, фитнес, салоны красоты"
24.624,Ногтевой сервис,"Спортивные клубы, фитнес, салоны красоты"
24.753,Другое,"Спортивные клубы, фитнес, салоны красоты"
24.377,Косметология,"Спортивные клубы, фитнес, салоны красоты"
24.378,Тренерский состав,"Спортивные клубы, фитнес, салоны красоты"
24.379,Администрация,"Спортивные клубы, фитнес, салоны красоты"
24.380,Продажи,"Спортивные клубы, фитнес, салоны красоты"
29.495,Грузчик,Рабочий персонал
29.510,Слесарь,Рабочий персонал
29.511,"Токарь, Фрезеровщик",Рабочий персонал
29.512,Фасовщик,Рабочий персонал
29.513,Столяр,Рабочий персонал
29.514,Сварщик,Рабочий персонал
29.515,Электрик,Рабочий персонал
29.516,Швея,Рабочий персонал
29.517,Сборщик,Рабочий персонал
29.540,Гардеробщик,Рабочий персонал
29.541,"Дворник, Уборщик",Рабочий персонал
29.542,Дорожные рабочие,Рабочий персонал
29.543,Жестянщик,Рабочий персонал
29.544,Заправщик картриджей,Рабочий персонал
29.545,"Комплектовщик, Укладчик-упаковщик",Рабочий персонал
29.546,Краснодеревщик,Рабочий персонал
29.547,Кузнец,Рабочий персонал
29.548,Лифтер,Рабочий персонал
29.549,Машинист производства,Рабочий персонал
29.550,Машинист сцены,Рабочий персонал
29.551,Машинист экскаватора,Рабочий персонал
29.552,Механик,Рабочий персонал
29.553,Оператор станков,Рабочий персонал
29.554,"Пастух, Чабан",Рабочий персонал
29.555,Перемотчик,Рабочий персонал
29.556,Разнорабочий,Рабочий персонал
29.557,Сантехник,Рабочий персонал
29.558,Шлифовщик,Рабочий персонал
29.559,Штукатур,Рабочий персонал
29.560,"Электромонтер, Кабельщик",Рабочий персонал
29.561,Ювелир,Рабочий персонал
29.581,Монтажник,Рабочий персонал
29.582,Проводник,Рабочий персонал
29.583,Маляр,Рабочий персонал
29.588,Другое,Рабочий персонал
29.162,Наладчик,Рабочий персонал
27.496,"Воспитатель, Гувернантка/гувернёр, Няня",Домашний персонал
27.497,"домработница/домработник, Горничная",Домашний персонал
27.498,Персональный водитель,Домашний персонал
27.499,Садовник,Домашний персонал
27.500,Повар,Домашний персонал
27.501,Сиделка,Домашний персонал
27.533,"Помощник по хозяйству, Управляющий",Домашний персонал
27.584,Репетитор,Домашний персонал
27.741,Другое,Домашний персонал
15.730,Бухгалтерия,"Начало карьеры, студенты"
15.731,Закупки,"Начало карьеры, студенты"
15.750,Другое,"Начало карьеры, студенты"
15.764,Рабочий персонал,"Начало карьеры, студенты"
15.68,Добыча сырья,"Начало карьеры, студенты"
15.93,"Информационные технологии, Интернет, Мультимедиа","Начало карьеры, студенты"
15.96,"Искусство, Развлечения, Масс-медиа","Начало карьеры, студенты"
15.140,"Маркетинг, Реклама, PR","Начало карьеры, студенты"
15.146,"Медицина, Фармацевтика","Начало карьеры, студенты"
15.167,"Наука, Образование","Начало карьеры, студенты"
15.237,"Производство, Технологии","Начало карьеры, студенты"
15.281,Страхование,"Начало карьеры, студенты"
15.288,"Строительство, Архитектура","Начало карьеры, студенты"
15.308,"Транспорт, Логистика","Начало карьеры, студенты"
15.313,"Туризм, Гостиницы, Рестораны","Начало карьеры, студенты"
15.320,Управление персоналом,"Начало карьеры, студенты"
15.346,"Финансы, Банки, Инвестиции","Начало карьеры, студенты"
15.363,Юристы,"Начало карьеры, студенты"
15.388,Административный персонал,"Начало карьеры, студенты"
15.389,Продажи,"Начало карьеры, студенты"
15.390,Автомобильный бизнес,"Начало карьеры, студенты"
15.391,Консультирование,"Начало карьеры, студенты"
25.743,Другое,Инсталляция и сервис
25.381,Сервисный инженер,Инсталляция и сервис
25.382,Руководитель сервисного центра,Инсталляция и сервис
25.383,Менеджер по сервису - сетевые и телекоммуникационные технологии,Инсталляция и сервис
25.384,Менеджер по сервису - промышленное оборудование,Инсталляция и сервис
25.385,Менеджер по сервису - транспорт,Инсталляция и сервис
25.386,Инсталляция и настройка оборудования,Инсталляция и сервис
12.746,Другое,Консультирование
12.5,"Internet, E-Commerce",Консультирование
12.6,Knowledge management,Консультирование
12.7,PR Consulting,Консультирование
12.92,Информационные технологии,Консультирование
12.97,Исследования рынка,Консультирование
12.122,Корпоративные финансы,Консультирование
12.180,"Начальный уровень, Мало опыта",Консультирование
12.197,Организационное консультирование,Консультирование
12.251,Реинжиниринг бизнес процессов,Консультирование
12.252,"Реинжиниринг, Аутсорсинг финансовой функции",Консультирование
12.280,Стратегия,Консультирование
12.322,Управление практикой,Консультирование
12.326,Управление проектами,Консультирование
12.331,Управленческое консультирование,Консультирование
12.376,Недвижимость,Консультирование
14.749,Другое,"Наука, образование"
14.762,Дошкольное образование,"Наука, образование"
14.37,Биотехнологии,"Наука, образование"
14.60,Гуманитарные науки,"Наука, образование"
14.87,Инженерные науки,"Наука, образование"
14.91,"Информатика, Информационные системы","Наука, образование"
14.141,Математика,"Наука, образование"
14.169,Науки о Земле,"Наука, образование"
14.178,"Начальный уровень, Мало опыта","Наука, образование"
14.217,Преподавание,"Наука, образование"
14.340,Физика,"Наука, образование"
14.349,Химия,"Наука, образование"
14.355,"Экономика, Менеджмент","Наука, образование"
14.364,Языки,"Наука, образование"
6.758,Другое,"Управление персоналом, тренинги"
6.107,Компенсации и льготы,"Управление персоналом, тренинги"
6.184,"Начальный уровень, Мало опыта","Управление персоналом, тренинги"
6.247,Развитие персонала,"Управление персоналом, тренинги"
6.254,Рекрутмент,"Управление персоналом, тренинги"
6.309,Тренинги,"Управление персоналом, тренинги"
6.319,Управление персоналом,"Управление персоналом, тренинги"
6.336,Учет кадров,"Управление персоналом, тренинги"
